image_id,true_label,final_prediction,pixels_changed,pixels_changed_percent
66561,7,3,4,0.5102040816326531
18650,0,8,6,0.7653061224489796
13136,7,9,7,0.8928571428571428
64571,6,8,7,0.8928571428571428
28992,0,2,8,1.0204081632653061
1239,8,2,13,1.6581632653061225
14468,2,3,14,1.7857142857142856
38638,8,3,16,2.0408163265306123
62004,8,3,17,2.1683673469387754
30482,5,8,17,2.1683673469387754
15820,8,6,18,2.295918367346939
6905,8,2,18,2.295918367346939
46550,4,6,19,2.423469387755102
25341,8,2,20,2.5510204081632653
35136,4,9,21,2.6785714285714284
50426,7,2,23,2.933673469387755
5874,9,7,23,2.933673469387755
18383,8,3,24,3.061224489795918
47317,8,9,26,3.316326530612245
47748,8,3,29,3.6989795918367347
47034,8,1,29,3.6989795918367347
10313,4,8,29,3.6989795918367347
62188,0,8,30,3.826530612244898
52727,4,6,31,3.9540816326530615
15427,1,4,31,3.9540816326530615
48975,2,8,32,4.081632653061225
45560,4,8,34,4.336734693877551
29749,5,6,37,4.719387755102041
26079,8,5,37,4.719387755102041
27147,8,3,37,4.719387755102041
17760,8,3,39,4.974489795918367
8419,5,3,39,4.974489795918367
55856,9,7,40,5.1020408163265305
18037,7,2,40,5.1020408163265305
29929,4,9,41,5.229591836734694
25176,4,9,42,5.357142857142857
18609,7,3,42,5.357142857142857
21048,8,3,42,5.357142857142857
36000,9,7,42,5.357142857142857
12957,5,8,43,5.48469387755102
17709,0,8,43,5.48469387755102
52163,6,4,44,5.612244897959184
11834,0,6,45,5.7397959183673475
37986,4,9,47,5.994897959183673
15646,7,9,47,5.994897959183673
63939,6,2,48,6.122448979591836
2696,9,7,50,6.377551020408164
33791,9,7,50,6.377551020408164
65547,8,5,50,6.377551020408164
65828,0,6,51,6.505102040816327
47747,8,3,51,6.505102040816327
23816,9,7,51,6.505102040816327
3439,4,9,51,6.505102040816327
65897,9,7,52,6.63265306122449
51698,2,7,52,6.63265306122449
36635,8,3,53,6.760204081632653
61440,4,9,53,6.760204081632653
42053,0,6,54,6.887755102040815
32016,9,3,55,7.015306122448979
15745,9,8,55,7.015306122448979
41614,0,8,56,7.142857142857142
55890,0,6,56,7.142857142857142
39320,6,5,57,7.270408163265306
52125,6,5,59,7.525510204081633
51814,4,9,59,7.525510204081633
25838,2,1,59,7.525510204081633
38849,8,3,60,7.653061224489796
4982,8,3,60,7.653061224489796
67081,9,7,61,7.780612244897959
54303,0,6,61,7.780612244897959
9098,2,8,61,7.780612244897959
12290,6,5,62,7.908163265306123
19584,0,6,62,7.908163265306123
44363,0,6,62,7.908163265306123
12473,8,3,63,8.035714285714286
52696,0,6,64,8.16326530612245
50354,0,6,64,8.16326530612245
29750,0,8,64,8.16326530612245
39874,0,6,64,8.16326530612245
7948,0,8,65,8.290816326530612
41675,6,5,66,8.418367346938775
12616,8,3,68,8.673469387755102
35304,4,9,68,8.673469387755102
21997,9,7,69,8.801020408163266
65011,8,3,69,8.801020408163266
53953,8,3,69,8.801020408163266
48927,9,8,70,8.928571428571429
47660,8,3,71,9.056122448979592
34978,8,3,71,9.056122448979592
42365,8,3,71,9.056122448979592
13274,8,3,71,9.056122448979592
9144,6,5,72,9.183673469387756
30636,9,7,72,9.183673469387756
51404,0,8,73,9.311224489795919
14034,0,6,73,9.311224489795919
9027,0,9,74,9.438775510204081
15134,6,4,75,9.566326530612244
7864,4,9,75,9.566326530612244
8792,6,5,76,9.693877551020408
9914,0,8,76,9.693877551020408
5865,9,7,77,9.821428571428571
5589,9,7,78,9.948979591836734
52948,9,7,78,9.948979591836734
55199,2,6,78,9.948979591836734
39953,9,7,78,9.948979591836734
23008,8,3,78,9.948979591836734
41637,1,9,78,9.948979591836734
14492,6,5,78,9.948979591836734
24207,7,9,78,9.948979591836734
1716,1,9,78,9.948979591836734
39876,8,3,79,10.076530612244898
53092,8,3,79,10.076530612244898
39149,8,3,79,10.076530612244898
1347,7,3,79,10.076530612244898
42438,9,2,80,10.204081632653061
47475,5,9,81,10.331632653061225
5537,8,3,81,10.331632653061225
44402,9,7,81,10.331632653061225
33011,4,7,82,10.459183673469388
15783,4,7,84,10.714285714285714
41622,8,7,84,10.714285714285714
57621,7,3,84,10.714285714285714
28463,9,7,84,10.714285714285714
11911,0,6,84,10.714285714285714
10867,9,7,85,10.841836734693878
35807,9,7,85,10.841836734693878
58594,0,6,85,10.841836734693878
68522,8,5,85,10.841836734693878
12999,9,7,86,10.96938775510204
68,0,8,86,10.96938775510204
33948,9,7,86,10.96938775510204
46318,9,3,87,11.096938775510203
66590,0,8,87,11.096938775510203
11252,9,7,87,11.096938775510203
33366,9,7,87,11.096938775510203
33697,2,3,87,11.096938775510203
50124,9,3,88,11.224489795918368
64720,0,2,88,11.224489795918368
60107,1,6,89,11.35204081632653
1410,9,8,89,11.35204081632653
4677,8,3,89,11.35204081632653
62393,8,3,89,11.35204081632653
47292,9,2,89,11.35204081632653
39776,1,2,90,11.479591836734695
49155,4,7,90,11.479591836734695
19686,0,8,90,11.479591836734695
21214,6,5,91,11.607142857142858
45737,8,3,92,11.73469387755102
47271,0,6,93,11.862244897959185
41377,9,8,93,11.862244897959185
38466,1,9,93,11.862244897959185
68725,8,3,93,11.862244897959185
17700,8,5,93,11.862244897959185
41575,8,3,93,11.862244897959185
4696,1,9,93,11.862244897959185
32874,8,3,93,11.862244897959185
30467,8,3,93,11.862244897959185
49000,4,7,93,11.862244897959185
58358,8,3,93,11.862244897959185
44650,1,6,94,11.989795918367346
59204,7,3,94,11.989795918367346
35227,4,7,95,12.11734693877551
54672,4,9,95,12.11734693877551
57085,9,3,95,12.11734693877551
38458,7,3,96,12.244897959183673
42555,5,3,96,12.244897959183673
984,0,8,96,12.244897959183673
62277,1,9,97,12.372448979591837
15528,5,3,97,12.372448979591837
53817,8,2,97,12.372448979591837
17314,0,9,98,12.5
55122,8,3,98,12.5
1572,2,8,98,12.5
63251,0,9,98,12.5
26257,8,3,98,12.5
5891,4,7,98,12.5
2156,6,5,99,12.627551020408163
54742,4,9,99,12.627551020408163
3502,8,3,99,12.627551020408163
34837,7,4,99,12.627551020408163
38087,9,7,99,12.627551020408163
47812,0,9,99,12.627551020408163
67505,0,6,100,12.755102040816327
22144,0,8,101,12.882653061224488
5666,5,3,101,12.882653061224488
3351,4,7,101,12.882653061224488
26132,4,7,101,12.882653061224488
37654,9,7,101,12.882653061224488
10252,4,9,101,12.882653061224488
27218,4,9,101,12.882653061224488
32770,8,3,102,13.010204081632654
6722,7,9,102,13.010204081632654
65546,9,7,102,13.010204081632654
4423,4,7,103,13.137755102040815
61222,4,9,103,13.137755102040815
4919,4,7,103,13.137755102040815
59673,6,5,103,13.137755102040815
34027,4,5,104,13.26530612244898
48514,4,7,104,13.26530612244898
63452,1,7,104,13.26530612244898
61796,0,6,104,13.26530612244898
10150,4,9,104,13.26530612244898
4831,9,7,104,13.26530612244898
36734,0,8,105,13.392857142857142
64110,1,7,105,13.392857142857142
57551,9,8,106,13.520408163265307
42558,6,8,106,13.520408163265307
21234,6,5,106,13.520408163265307
1688,6,0,106,13.520408163265307
42230,0,8,106,13.520408163265307
24198,2,3,106,13.520408163265307
49831,8,6,106,13.520408163265307
14162,8,5,107,13.64795918367347
13437,9,7,107,13.64795918367347
54679,9,7,107,13.64795918367347
30110,9,7,107,13.64795918367347
56569,2,3,107,13.64795918367347
12237,9,7,107,13.64795918367347
33757,9,7,107,13.64795918367347
15973,8,3,107,13.64795918367347
52202,0,8,108,13.77551020408163
63170,0,9,108,13.77551020408163
21406,8,3,108,13.77551020408163
10021,8,3,108,13.77551020408163
42998,8,3,109,13.903061224489797
60373,8,2,109,13.903061224489797
24880,4,2,109,13.903061224489797
46167,6,0,109,13.903061224489797
40491,6,5,109,13.903061224489797
10488,0,8,110,14.030612244897958
54947,1,8,110,14.030612244897958
54788,6,2,110,14.030612244897958
52938,2,3,110,14.030612244897958
10491,4,9,110,14.030612244897958
49127,4,7,110,14.030612244897958
9677,0,6,111,14.158163265306122
59438,8,3,111,14.158163265306122
52031,1,7,111,14.158163265306122
68066,9,7,111,14.158163265306122
5043,8,3,111,14.158163265306122
31781,8,3,111,14.158163265306122
41125,4,5,111,14.158163265306122
26308,0,8,111,14.158163265306122
39781,9,7,111,14.158163265306122
43458,1,7,111,14.158163265306122
47636,6,0,111,14.158163265306122
62907,4,9,112,14.285714285714285
59861,8,3,112,14.285714285714285
11543,1,7,113,14.41326530612245
8787,4,7,113,14.41326530612245
56724,0,2,113,14.41326530612245
45026,8,5,113,14.41326530612245
60564,0,8,113,14.41326530612245
39743,4,9,113,14.41326530612245
30324,8,3,113,14.41326530612245
19634,4,7,114,14.540816326530612
25294,2,3,114,14.540816326530612
22437,9,3,114,14.540816326530612
16263,8,2,114,14.540816326530612
17447,9,3,114,14.540816326530612
7104,6,2,114,14.540816326530612
46391,0,6,114,14.540816326530612
21078,0,2,114,14.540816326530612
8187,0,6,114,14.540816326530612
62485,0,8,114,14.540816326530612
64877,1,9,115,14.668367346938776
20934,0,8,115,14.668367346938776
32271,9,7,115,14.668367346938776
68680,9,7,115,14.668367346938776
61254,1,9,115,14.668367346938776
5927,0,5,115,14.668367346938776
25667,9,7,115,14.668367346938776
7594,2,8,115,14.668367346938776
49429,0,6,115,14.668367346938776
41936,2,1,116,14.795918367346939
68266,8,3,116,14.795918367346939
35537,6,5,116,14.795918367346939
52199,7,3,117,14.923469387755103
55741,8,9,117,14.923469387755103
15888,1,8,118,15.051020408163266
16971,1,7,118,15.051020408163266
27798,8,3,118,15.051020408163266
12113,1,4,118,15.051020408163266
61835,1,9,118,15.051020408163266
9693,1,9,118,15.051020408163266
22489,1,7,118,15.051020408163266
37716,1,9,119,15.178571428571427
34356,0,5,119,15.178571428571427
48467,4,9,119,15.178571428571427
40859,0,8,119,15.178571428571427
40938,9,7,119,15.178571428571427
42028,1,9,119,15.178571428571427
5898,9,8,119,15.178571428571427
34104,9,7,119,15.178571428571427
64016,9,3,120,15.306122448979592
16147,9,3,120,15.306122448979592
16326,0,2,120,15.306122448979592
21070,1,7,120,15.306122448979592
12475,9,3,121,15.433673469387754
2396,0,8,121,15.433673469387754
5850,1,9,121,15.433673469387754
5344,0,8,121,15.433673469387754
28192,9,8,121,15.433673469387754
15072,9,6,121,15.433673469387754
63044,0,2,121,15.433673469387754
3800,1,9,121,15.433673469387754
52791,7,3,121,15.433673469387754
67855,0,9,121,15.433673469387754
42562,2,1,121,15.433673469387754
14934,9,3,121,15.433673469387754
34662,0,3,121,15.433673469387754
19570,8,2,122,15.561224489795919
25952,0,8,122,15.561224489795919
58681,7,9,123,15.688775510204081
59867,5,3,123,15.688775510204081
15140,5,3,123,15.688775510204081
4705,8,3,123,15.688775510204081
15913,9,3,123,15.688775510204081
35095,4,7,123,15.688775510204081
27159,1,9,123,15.688775510204081
2999,5,3,123,15.688775510204081
625,5,3,124,15.816326530612246
42559,0,3,124,15.816326530612246
49724,8,3,124,15.816326530612246
15950,8,3,124,15.816326530612246
32966,0,8,124,15.816326530612246
32617,8,3,124,15.816326530612246
6943,8,3,124,15.816326530612246
12762,6,0,124,15.816326530612246
8501,8,3,124,15.816326530612246
39091,8,3,124,15.816326530612246
3434,0,6,125,15.943877551020408
67967,0,6,125,15.943877551020408
28194,9,3,125,15.943877551020408
52477,7,3,126,16.071428571428573
31476,0,2,126,16.071428571428573
19859,0,3,126,16.071428571428573
10204,0,2,126,16.071428571428573
27936,0,3,126,16.071428571428573
54873,0,6,126,16.071428571428573
59704,0,3,126,16.071428571428573
67296,7,9,126,16.071428571428573
13826,0,2,127,16.198979591836736
62739,8,3,127,16.198979591836736
47420,8,5,127,16.198979591836736
45971,8,3,127,16.198979591836736
5654,6,5,127,16.198979591836736
50930,0,2,127,16.198979591836736
57685,0,8,127,16.198979591836736
34689,7,3,127,16.198979591836736
64777,8,3,127,16.198979591836736
7130,0,2,127,16.198979591836736
4272,8,3,128,16.3265306122449
943,0,2,128,16.3265306122449
23833,8,3,128,16.3265306122449
53053,5,3,128,16.3265306122449
27968,9,2,128,16.3265306122449
50338,1,9,128,16.3265306122449
9983,0,6,128,16.3265306122449
3177,1,4,128,16.3265306122449
47223,2,7,128,16.3265306122449
19371,8,3,128,16.3265306122449
34921,8,3,128,16.3265306122449
63613,0,2,128,16.3265306122449
46505,8,3,128,16.3265306122449
13913,0,9,128,16.3265306122449
46632,6,0,128,16.3265306122449
42865,0,5,128,16.3265306122449
61328,7,8,129,16.45408163265306
23733,5,0,129,16.45408163265306
65269,9,8,129,16.45408163265306
10892,1,9,129,16.45408163265306
3802,1,9,129,16.45408163265306
2307,1,9,129,16.45408163265306
35880,1,8,130,16.581632653061224
12040,1,9,130,16.581632653061224
49952,0,6,130,16.581632653061224
16610,1,8,130,16.581632653061224
60772,1,9,130,16.581632653061224
44485,7,3,130,16.581632653061224
62164,1,9,130,16.581632653061224
33732,0,8,130,16.581632653061224
20049,0,3,130,16.581632653061224
21712,6,5,131,16.70918367346939
52654,1,6,131,16.70918367346939
34857,5,8,131,16.70918367346939
24628,1,9,131,16.70918367346939
44644,6,4,131,16.70918367346939
29954,7,9,131,16.70918367346939
47005,0,2,132,16.83673469387755
52935,4,2,132,16.83673469387755
22287,7,8,132,16.83673469387755
45147,1,9,133,16.964285714285715
14309,1,4,133,16.964285714285715
22603,0,2,133,16.964285714285715
53615,0,3,133,16.964285714285715
51259,0,3,133,16.964285714285715
11780,0,8,133,16.964285714285715
5489,5,3,134,17.091836734693878
29934,0,3,134,17.091836734693878
13268,0,5,134,17.091836734693878
61654,2,7,134,17.091836734693878
51596,6,0,135,17.21938775510204
31149,5,3,135,17.21938775510204
62986,5,3,136,17.346938775510203
35905,0,5,136,17.346938775510203
41133,8,3,136,17.346938775510203
46094,2,3,136,17.346938775510203
66533,1,4,136,17.346938775510203
27656,5,3,137,17.47448979591837
9257,0,3,137,17.47448979591837
18334,8,3,137,17.47448979591837
3391,0,5,137,17.47448979591837
22479,4,7,137,17.47448979591837
16987,0,3,137,17.47448979591837
7309,7,4,137,17.47448979591837
36722,5,3,137,17.47448979591837
14705,0,8,137,17.47448979591837
48331,8,3,137,17.47448979591837
41683,0,5,137,17.47448979591837
10441,5,3,137,17.47448979591837
53956,7,9,137,17.47448979591837
47248,7,8,138,17.602040816326532
59686,1,7,138,17.602040816326532
10041,8,9,138,17.602040816326532
21973,4,9,138,17.602040816326532
28202,0,8,139,17.72959183673469
64789,8,5,139,17.72959183673469
62531,0,3,139,17.72959183673469
1725,0,5,139,17.72959183673469
44914,7,9,139,17.72959183673469
28567,2,3,140,17.857142857142858
42313,8,5,140,17.857142857142858
47528,5,3,140,17.857142857142858
50654,0,8,140,17.857142857142858
23032,0,2,140,17.857142857142858
10210,3,5,140,17.857142857142858
14161,0,2,141,17.98469387755102
42084,0,2,141,17.98469387755102
3698,0,5,141,17.98469387755102
57108,8,3,141,17.98469387755102
46871,0,3,141,17.98469387755102
52068,2,3,141,17.98469387755102
47111,8,3,141,17.98469387755102
56999,5,6,141,17.98469387755102
56928,5,3,142,18.112244897959183
4451,2,1,142,18.112244897959183
2089,4,9,142,18.112244897959183
23448,8,3,142,18.112244897959183
26373,8,3,142,18.112244897959183
34061,8,3,142,18.112244897959183
19875,4,9,142,18.112244897959183
53051,0,3,142,18.112244897959183
30460,8,3,143,18.239795918367346
5286,0,2,143,18.239795918367346
5341,9,3,143,18.239795918367346
29841,9,7,143,18.239795918367346
69917,8,3,143,18.239795918367346
44558,0,2,144,18.367346938775512
34460,8,3,144,18.367346938775512
16391,4,7,144,18.367346938775512
56281,4,9,144,18.367346938775512
12622,8,3,144,18.367346938775512
53411,4,9,144,18.367346938775512
5557,8,3,144,18.367346938775512
47386,0,3,144,18.367346938775512
11933,0,2,144,18.367346938775512
43015,4,9,144,18.367346938775512
5249,0,3,144,18.367346938775512
8313,8,3,144,18.367346938775512
9099,8,3,144,18.367346938775512
51057,0,2,144,18.367346938775512
38000,8,3,145,18.494897959183675
53597,9,3,145,18.494897959183675
27089,0,5,145,18.494897959183675
31847,8,3,145,18.494897959183675
11845,0,2,145,18.494897959183675
20876,8,3,145,18.494897959183675
17084,8,3,145,18.494897959183675
163,4,7,145,18.494897959183675
25250,8,3,145,18.494897959183675
69939,0,3,145,18.494897959183675
29822,9,3,146,18.622448979591837
23005,5,3,146,18.622448979591837
26811,7,9,146,18.622448979591837
9669,7,9,146,18.622448979591837
56656,1,9,146,18.622448979591837
14193,4,9,147,18.75
36218,4,9,147,18.75
49975,2,7,147,18.75
47425,8,9,147,18.75
28106,7,8,147,18.75
34611,4,9,147,18.75
13669,8,3,148,18.877551020408163
58755,6,8,148,18.877551020408163
24000,8,3,148,18.877551020408163
28966,6,5,148,18.877551020408163
16515,9,3,149,19.005102040816325
58699,9,3,149,19.005102040816325
51077,4,9,149,19.005102040816325
23121,4,9,149,19.005102040816325
30162,8,2,150,19.132653061224488
22582,1,6,150,19.132653061224488
46358,5,3,151,19.260204081632654
53797,5,3,151,19.260204081632654
64958,0,2,152,19.387755102040817
7180,9,3,152,19.387755102040817
65567,0,8,152,19.387755102040817
43229,0,3,152,19.387755102040817
28816,0,8,152,19.387755102040817
33980,6,0,153,19.51530612244898
48734,8,3,154,19.642857142857142
758,8,3,154,19.642857142857142
9459,0,3,154,19.642857142857142
31100,7,9,154,19.642857142857142
69930,0,2,155,19.77040816326531
48646,4,9,155,19.77040816326531
53381,0,6,155,19.77040816326531
38229,4,9,156,19.897959183673468
39548,4,7,156,19.897959183673468
24872,0,6,156,19.897959183673468
57201,0,2,156,19.897959183673468
47815,0,2,156,19.897959183673468
9005,0,2,156,19.897959183673468
34249,4,9,156,19.897959183673468
62819,4,9,156,19.897959183673468
5983,1,3,156,19.897959183673468
20281,1,6,157,20.02551020408163
16635,9,3,157,20.02551020408163
43493,7,8,157,20.02551020408163
51746,8,3,157,20.02551020408163
1377,0,3,157,20.02551020408163
21926,8,3,157,20.02551020408163
51418,2,7,157,20.02551020408163
48412,0,3,157,20.02551020408163
51497,6,0,158,20.153061224489797
47982,1,6,158,20.153061224489797
29585,0,3,159,20.28061224489796
27687,8,9,159,20.28061224489796
57420,0,8,159,20.28061224489796
30948,0,6,159,20.28061224489796
39542,1,6,160,20.408163265306122
26381,5,3,160,20.408163265306122
993,1,6,160,20.408163265306122
8361,7,4,160,20.408163265306122
65563,7,9,160,20.408163265306122
11229,1,5,160,20.408163265306122
13227,1,6,160,20.408163265306122
48657,8,3,161,20.535714285714285
7846,0,2,161,20.535714285714285
26867,1,8,161,20.535714285714285
11314,4,9,162,20.66326530612245
50583,4,9,162,20.66326530612245
23132,1,2,162,20.66326530612245
45335,6,5,162,20.66326530612245
29572,5,3,162,20.66326530612245
5408,3,8,162,20.66326530612245
16331,4,9,162,20.66326530612245
36376,0,3,162,20.66326530612245
23026,2,3,163,20.79081632653061
236,5,3,163,20.79081632653061
40798,6,0,163,20.79081632653061
845,5,3,163,20.79081632653061
13825,1,6,164,20.918367346938776
61277,9,8,164,20.918367346938776
30292,1,2,164,20.918367346938776
21454,0,3,164,20.918367346938776
67608,1,2,164,20.918367346938776
10352,0,8,165,21.04591836734694
33477,6,2,165,21.04591836734694
8657,4,9,165,21.04591836734694
51785,8,9,165,21.04591836734694
50835,4,5,165,21.04591836734694
46013,6,2,165,21.04591836734694
6804,4,9,165,21.04591836734694
30231,4,9,166,21.1734693877551
49635,7,3,167,21.301020408163264
69759,8,3,167,21.301020408163264
54421,0,3,167,21.301020408163264
54567,4,9,167,21.301020408163264
54521,4,7,167,21.301020408163264
3690,8,2,168,21.428571428571427
50607,8,2,168,21.428571428571427
37652,3,5,168,21.428571428571427
52737,5,6,169,21.556122448979593
1873,8,2,169,21.556122448979593
18055,0,3,169,21.556122448979593
31297,0,3,169,21.556122448979593
200,1,5,169,21.556122448979593
62258,1,3,170,21.683673469387756
28857,1,3,170,21.683673469387756
31452,3,5,170,21.683673469387756
60430,1,8,171,21.81122448979592
51467,8,3,171,21.81122448979592
49504,1,9,171,21.81122448979592
50886,8,3,171,21.81122448979592
51244,8,3,171,21.81122448979592
37710,8,3,172,21.93877551020408
19385,6,4,172,21.93877551020408
51106,3,5,172,21.93877551020408
33454,6,8,173,22.066326530612244
1824,5,6,173,22.066326530612244
6381,7,4,173,22.066326530612244
25918,1,9,173,22.066326530612244
29603,1,8,174,22.193877551020407
69291,1,8,174,22.193877551020407
22952,1,9,174,22.193877551020407
3654,6,5,174,22.193877551020407
11607,1,3,174,22.193877551020407
39342,2,3,175,22.321428571428573
24654,8,3,175,22.321428571428573
59862,4,7,175,22.321428571428573
13510,1,8,175,22.321428571428573
57516,1,9,176,22.448979591836736
58362,0,3,177,22.5765306122449
26376,1,5,177,22.5765306122449
11214,1,8,178,22.70408163265306
21373,6,5,178,22.70408163265306
4865,1,8,178,22.70408163265306
53891,1,6,178,22.70408163265306
11963,5,3,178,22.70408163265306
30158,1,5,178,22.70408163265306
41547,6,2,178,22.70408163265306
14300,6,5,178,22.70408163265306
68850,1,6,178,22.70408163265306
48510,1,9,178,22.70408163265306
52720,0,2,179,22.831632653061224
52105,0,3,179,22.831632653061224
7344,2,8,179,22.831632653061224
2782,0,3,179,22.831632653061224
7664,0,8,179,22.831632653061224
46214,2,3,179,22.831632653061224
11972,6,5,181,23.08673469387755
2516,6,4,181,23.08673469387755
24930,1,8,181,23.08673469387755
51603,1,9,181,23.08673469387755
21376,1,2,181,23.08673469387755
61603,1,9,181,23.08673469387755
18555,6,8,181,23.08673469387755
56689,1,9,181,23.08673469387755
56831,1,8,181,23.08673469387755
27827,7,9,182,23.214285714285715
26115,8,3,182,23.214285714285715
23257,9,7,183,23.341836734693878
50516,3,5,183,23.341836734693878
30682,4,9,183,23.341836734693878
20680,4,9,183,23.341836734693878
7775,8,9,183,23.341836734693878
1173,9,7,184,23.46938775510204
22361,4,9,184,23.46938775510204
10088,9,7,184,23.46938775510204
39931,1,7,186,23.72448979591837
22797,7,9,186,23.72448979591837
41964,4,9,187,23.852040816326532
34221,4,9,187,23.852040816326532
65977,9,7,188,23.97959183673469
9361,8,3,188,23.97959183673469
47134,9,2,188,23.97959183673469
13253,5,8,188,23.97959183673469
51337,4,2,188,23.97959183673469
36385,7,8,188,23.97959183673469
22334,9,3,188,23.97959183673469
13223,4,3,189,24.107142857142858
26648,5,3,189,24.107142857142858
41250,7,8,189,24.107142857142858
50423,0,2,189,24.107142857142858
58624,7,4,190,24.23469387755102
44765,4,5,190,24.23469387755102
33261,2,3,190,24.23469387755102
18488,1,9,190,24.23469387755102
63115,5,8,190,24.23469387755102
38374,7,8,191,24.362244897959183
28028,4,7,191,24.362244897959183
30579,7,4,191,24.362244897959183
56111,7,4,191,24.362244897959183
37343,1,6,192,24.489795918367346
39890,0,2,192,24.489795918367346
38988,6,2,192,24.489795918367346
558,2,7,192,24.489795918367346
15951,6,2,192,24.489795918367346
14866,7,8,193,24.617346938775512
11785,5,3,193,24.617346938775512
39032,2,1,194,24.744897959183675
33153,7,9,194,24.744897959183675
27864,2,1,194,24.744897959183675
29654,2,5,195,24.872448979591837
11434,4,9,195,24.872448979591837
45183,9,8,195,24.872448979591837
17712,3,5,195,24.872448979591837
65562,2,3,195,24.872448979591837
9932,3,5,195,24.872448979591837
39384,3,5,196,25.0
43091,8,2,196,25.0
8575,1,5,198,25.255102040816325
11445,1,5,198,25.255102040816325
35831,1,7,198,25.255102040816325
46271,9,8,198,25.255102040816325
43764,1,8,198,25.255102040816325
57653,7,4,198,25.255102040816325
51745,6,2,198,25.255102040816325
50501,1,7,199,25.38265306122449
25569,1,8,199,25.38265306122449
408,1,9,199,25.38265306122449
9013,1,6,199,25.38265306122449
4913,1,8,199,25.38265306122449
10834,1,8,199,25.38265306122449
26089,1,8,199,25.38265306122449
49852,1,7,199,25.38265306122449
29974,1,9,199,25.38265306122449
58329,6,2,199,25.38265306122449
39159,1,8,199,25.38265306122449
36731,1,3,200,25.510204081632654
14865,4,9,200,25.510204081632654
66350,6,1,200,25.510204081632654
46622,4,9,200,25.510204081632654
2724,4,9,200,25.510204081632654
40383,6,2,201,25.637755102040817
17002,9,3,202,25.765306122448976
32049,4,2,202,25.765306122448976
24507,9,7,202,25.765306122448976
24795,4,7,203,25.892857142857146
32124,4,9,203,25.892857142857146
26075,2,1,204,26.02040816326531
21544,2,3,204,26.02040816326531
55618,8,2,204,26.02040816326531
4540,4,9,204,26.02040816326531
10069,0,3,204,26.02040816326531
14568,9,3,205,26.147959183673468
29066,5,3,205,26.147959183673468
54411,0,2,205,26.147959183673468
32839,6,4,206,26.27551020408163
25005,0,2,206,26.27551020408163
59972,0,2,206,26.27551020408163
61416,0,2,206,26.27551020408163
47560,7,5,207,26.403061224489793
59604,9,3,207,26.403061224489793
11186,9,3,207,26.403061224489793
36160,4,9,208,26.53061224489796
55076,5,3,208,26.53061224489796
47362,7,3,209,26.658163265306122
36939,5,3,209,26.658163265306122
63067,6,0,209,26.658163265306122
43689,2,3,209,26.658163265306122
53122,5,3,209,26.658163265306122
64350,2,1,209,26.658163265306122
61016,2,1,209,26.658163265306122
34024,6,2,209,26.658163265306122
61046,5,3,210,26.785714285714285
27939,4,1,211,26.913265306122447
30884,2,0,211,26.913265306122447
23133,1,8,211,26.913265306122447
57840,4,9,211,26.913265306122447
14828,5,6,212,27.040816326530614
33963,0,3,212,27.040816326530614
4746,4,9,212,27.040816326530614
62594,3,5,212,27.040816326530614
28061,7,4,212,27.040816326530614
44528,4,9,213,27.168367346938776
68676,5,3,213,27.168367346938776
46461,1,8,214,27.29591836734694
18747,9,3,214,27.29591836734694
45308,9,2,214,27.29591836734694
22105,4,9,214,27.29591836734694
5274,6,2,214,27.29591836734694
32565,4,9,214,27.29591836734694
14252,1,8,214,27.29591836734694
14021,1,8,214,27.29591836734694
5064,4,8,215,27.4234693877551
18803,2,1,215,27.4234693877551
53164,7,2,215,27.4234693877551
67910,4,2,215,27.4234693877551
18147,2,3,215,27.4234693877551
49365,7,3,216,27.55102040816326
67619,2,3,216,27.55102040816326
22226,2,8,216,27.55102040816326
60603,8,3,217,27.67857142857143
27397,9,3,217,27.67857142857143
59376,4,1,218,27.806122448979593
50640,2,1,218,27.806122448979593
29901,1,7,218,27.806122448979593
54455,4,9,218,27.806122448979593
43694,6,2,219,27.933673469387756
778,5,3,219,27.933673469387756
26443,8,6,219,27.933673469387756
38237,8,2,219,27.933673469387756
54951,2,4,219,27.933673469387756
25741,8,3,219,27.933673469387756
65100,9,7,220,28.061224489795915
10918,4,2,221,28.188775510204085
62561,8,3,221,28.188775510204085
10043,9,3,222,28.316326530612244
19723,6,1,222,28.316326530612244
65458,6,1,222,28.316326530612244
42109,9,7,222,28.316326530612244
32232,4,9,222,28.316326530612244
6323,4,1,222,28.316326530612244
18888,4,9,223,28.443877551020407
53635,7,3,224,28.57142857142857
7955,4,9,224,28.57142857142857
55629,2,7,224,28.57142857142857
65395,4,9,225,28.69897959183674
4613,4,9,225,28.69897959183674
38373,4,9,225,28.69897959183674
34859,6,2,227,28.95408163265306
34763,8,2,227,28.95408163265306
19287,4,1,227,28.95408163265306
13861,4,5,228,29.081632653061224
46609,9,2,228,29.081632653061224
53188,7,3,229,29.209183673469386
56135,9,7,229,29.209183673469386
11204,7,2,230,29.336734693877553
6429,4,9,231,29.464285714285715
38824,1,2,231,29.464285714285715
52089,7,3,231,29.464285714285715
57958,7,3,231,29.464285714285715
38401,2,1,231,29.464285714285715
9012,1,8,231,29.464285714285715
60425,4,2,232,29.591836734693878
65027,4,9,233,29.71938775510204
61159,4,5,233,29.71938775510204
53137,7,4,233,29.71938775510204
3352,4,9,233,29.71938775510204
67320,7,4,234,29.846938775510207
3249,7,3,234,29.846938775510207
4567,4,9,234,29.846938775510207
6389,5,3,234,29.846938775510207
3315,4,9,234,29.846938775510207
47402,7,3,234,29.846938775510207
8374,2,8,235,29.97448979591837
65759,1,2,235,29.97448979591837
16669,8,3,235,29.97448979591837
8112,1,3,235,29.97448979591837
38340,1,8,236,30.102040816326532
32192,3,5,236,30.102040816326532
41342,4,5,236,30.102040816326532
48373,4,9,236,30.102040816326532
17933,6,2,237,30.22959183673469
2242,6,2,237,30.22959183673469
16458,1,2,237,30.22959183673469
42975,6,2,237,30.22959183673469
39819,1,2,237,30.22959183673469
65970,1,2,238,30.357142857142854
64949,1,2,238,30.357142857142854
15293,1,3,239,30.484693877551024
65956,4,9,241,30.739795918367346
13154,1,9,241,30.739795918367346
746,4,1,241,30.739795918367346
51876,1,2,242,30.86734693877551
39367,1,3,242,30.86734693877551
23857,1,3,242,30.86734693877551
19367,8,3,243,30.994897959183675
879,5,8,244,31.122448979591837
1197,1,2,244,31.122448979591837
1702,5,3,244,31.122448979591837
53436,1,8,245,31.25
25001,4,1,245,31.25
58595,8,9,246,31.377551020408163
42819,1,2,246,31.377551020408163
47058,4,5,247,31.505102040816325
62421,1,4,248,31.63265306122449
63705,8,5,248,31.63265306122449
24806,8,3,250,31.887755102040817
49338,1,8,250,31.887755102040817
24341,1,3,250,31.887755102040817
59874,4,9,250,31.887755102040817
39004,6,5,251,32.015306122448976
31552,4,5,252,32.142857142857146
53531,1,7,255,32.525510204081634
19168,1,8,255,32.525510204081634
53041,1,2,255,32.525510204081634
67556,1,3,255,32.525510204081634
27901,4,7,256,32.6530612244898
28244,1,4,256,32.6530612244898
61152,9,7,256,32.6530612244898
14821,1,8,256,32.6530612244898
12510,1,8,257,32.78061224489796
39157,1,4,257,32.78061224489796
46982,8,4,261,33.29081632653062
29525,5,3,261,33.29081632653062
54439,7,9,261,33.29081632653062
18534,7,9,261,33.29081632653062
35096,8,2,262,33.41836734693878
61471,5,3,264,33.6734693877551
65753,9,3,264,33.6734693877551
61576,7,2,264,33.6734693877551
60242,8,2,264,33.6734693877551
28677,9,3,264,33.6734693877551
15489,9,8,265,33.80102040816326
5465,7,3,265,33.80102040816326
33996,7,2,265,33.80102040816326
29018,9,7,265,33.80102040816326
32389,8,7,266,33.92857142857143
10812,4,5,266,33.92857142857143
257,4,5,268,34.183673469387756
50427,4,5,268,34.183673469387756
1125,7,4,269,34.31122448979592
16989,2,7,271,34.566326530612244
7319,4,5,271,34.566326530612244
52662,8,2,271,34.566326530612244
59650,9,3,271,34.566326530612244
4274,4,5,272,34.69387755102041
55057,6,2,272,34.69387755102041
20176,4,5,273,34.82142857142857
39455,6,2,273,34.82142857142857
48489,5,3,274,34.94897959183674
31436,4,5,274,34.94897959183674
16901,8,2,274,34.94897959183674
23696,4,5,274,34.94897959183674
10626,4,0,274,34.94897959183674
33858,5,3,276,35.204081632653065
34499,6,2,276,35.204081632653065
30216,5,3,276,35.204081632653065
13380,7,2,278,35.45918367346938
24724,2,1,278,35.45918367346938
30951,2,1,279,35.58673469387755
48107,2,4,280,35.714285714285715
68365,2,0,281,35.84183673469388
22934,8,3,281,35.84183673469388
5150,4,9,282,35.96938775510204
1511,4,5,282,35.96938775510204
9169,2,0,283,36.0969387755102
1624,2,0,283,36.0969387755102
17970,4,5,284,36.224489795918366
3455,4,9,284,36.224489795918366
23117,2,3,285,36.35204081632653
63880,8,2,285,36.35204081632653
43681,2,1,285,36.35204081632653
65167,2,0,285,36.35204081632653
57459,4,5,285,36.35204081632653
55174,7,2,285,36.35204081632653
53309,5,8,285,36.35204081632653
42361,6,4,285,36.35204081632653
27950,7,2,287,36.607142857142854
18990,4,5,287,36.607142857142854
61345,2,7,287,36.607142857142854
21138,9,8,288,36.734693877551024
6636,5,1,288,36.734693877551024
23878,4,5,288,36.734693877551024
2256,4,5,288,36.734693877551024
17256,4,9,288,36.734693877551024
24324,5,3,288,36.734693877551024
57626,2,1,288,36.734693877551024
60556,4,9,288,36.734693877551024
43124,2,8,289,36.86224489795919
30701,9,7,289,36.86224489795919
10646,9,7,289,36.86224489795919
38104,6,2,290,36.98979591836735
28807,6,2,291,37.11734693877551
30648,6,2,291,37.11734693877551
49347,6,2,294,37.5
66207,6,2,294,37.5
43326,2,7,294,37.5
12973,4,2,295,37.62755102040816
68732,6,4,295,37.62755102040816
7437,7,6,295,37.62755102040816
42192,9,7,296,37.755102040816325
17249,6,4,296,37.755102040816325
45527,9,7,296,37.755102040816325
22573,2,3,296,37.755102040816325
8367,6,2,297,37.88265306122449
38798,5,3,297,37.88265306122449
52970,5,3,297,37.88265306122449
8473,2,8,297,37.88265306122449
53473,2,8,297,37.88265306122449
18499,2,8,297,37.88265306122449
34850,2,3,297,37.88265306122449
38381,2,8,298,38.01020408163265
25519,2,8,299,38.13775510204081
51282,7,2,300,38.265306122448976
66499,2,0,300,38.265306122448976
65429,9,7,301,38.392857142857146
69999,6,2,301,38.392857142857146
67013,2,0,301,38.392857142857146
55648,9,2,302,38.52040816326531
8393,9,7,302,38.52040816326531
8604,7,2,303,38.64795918367347
27775,6,2,304,38.775510204081634
2519,6,5,304,38.775510204081634
21528,2,1,306,39.03061224489796
59816,2,0,306,39.03061224489796
46131,6,2,306,39.03061224489796
59188,2,0,309,39.41326530612245
47045,6,2,310,39.54081632653062
41460,2,8,310,39.54081632653062
57163,2,0,311,39.66836734693878
28859,2,1,312,39.795918367346935
56978,8,3,312,39.795918367346935
6642,2,8,313,39.9234693877551
68368,6,2,313,39.9234693877551
60098,6,5,313,39.9234693877551
31224,4,0,314,40.05102040816326
9943,6,1,314,40.05102040816326
3939,6,2,314,40.05102040816326
56015,6,2,314,40.05102040816326
26585,2,1,314,40.05102040816326
39810,2,3,315,40.17857142857143
17820,3,5,315,40.17857142857143
25241,6,1,315,40.17857142857143
30899,9,7,316,40.30612244897959
3102,2,1,316,40.30612244897959
33982,2,1,316,40.30612244897959
27535,2,1,317,40.433673469387756
2464,2,8,317,40.433673469387756
50913,2,8,317,40.433673469387756
12289,5,4,318,40.56122448979592
14308,6,2,319,40.68877551020408
38796,6,2,319,40.68877551020408
61395,2,8,320,40.816326530612244
44393,2,1,320,40.816326530612244
64582,2,1,320,40.816326530612244
18142,7,2,320,40.816326530612244
38730,6,2,320,40.816326530612244
3105,2,0,320,40.816326530612244
17516,2,8,320,40.816326530612244
39520,3,5,321,40.94387755102041
65127,2,1,321,40.94387755102041
52550,2,3,321,40.94387755102041
59045,2,1,322,41.07142857142857
42017,9,2,322,41.07142857142857
43625,6,2,322,41.07142857142857
8151,6,2,323,41.19897959183674
49319,9,7,323,41.19897959183674
69961,6,4,324,41.3265306122449
63134,2,8,325,41.454081632653065
25259,5,8,325,41.454081632653065
23158,5,3,325,41.454081632653065
27315,4,3,325,41.454081632653065
56864,2,1,325,41.454081632653065
2171,2,8,325,41.454081632653065
61506,2,1,325,41.454081632653065
26735,6,2,327,41.70918367346938
28602,6,2,327,41.70918367346938
34601,6,2,327,41.70918367346938
55096,6,2,327,41.70918367346938
13038,2,8,329,41.964285714285715
3176,2,8,329,41.964285714285715
49819,2,8,329,41.964285714285715
60548,3,5,329,41.964285714285715
37501,2,8,329,41.964285714285715
8007,2,8,329,41.964285714285715
47302,2,8,329,41.964285714285715
48294,2,8,329,41.964285714285715
12802,2,8,329,41.964285714285715
62458,6,2,330,42.09183673469388
46262,2,8,330,42.09183673469388
42622,2,0,331,42.21938775510204
16425,6,2,331,42.21938775510204
16496,7,0,331,42.21938775510204
794,6,2,331,42.21938775510204
30724,2,3,331,42.21938775510204
46457,7,9,332,42.3469387755102
32283,5,4,332,42.3469387755102
41840,9,2,333,42.474489795918366
29129,5,1,333,42.474489795918366
25684,6,5,333,42.474489795918366
26060,9,7,334,42.60204081632653
46929,9,2,334,42.60204081632653
68602,2,8,335,42.72959183673469
8683,6,2,335,42.72959183673469
52541,6,2,335,42.72959183673469
14167,6,2,335,42.72959183673469
12599,7,0,336,42.857142857142854
51869,2,8,336,42.857142857142854
67184,2,8,336,42.857142857142854
365,2,8,338,43.11224489795919
23018,2,8,338,43.11224489795919
42729,6,2,338,43.11224489795919
67415,6,5,339,43.23979591836735
37085,3,4,339,43.23979591836735
44239,7,2,339,43.23979591836735
30576,6,2,339,43.23979591836735
9843,7,2,340,43.36734693877551
67843,6,2,341,43.494897959183675
44635,6,2,341,43.494897959183675
16963,6,2,342,43.62244897959184
2420,4,0,342,43.62244897959184
1196,4,5,342,43.62244897959184
30730,2,0,342,43.62244897959184
2892,2,0,343,43.75
16756,7,2,343,43.75
61857,6,2,343,43.75
48191,2,8,344,43.87755102040816
49133,6,2,344,43.87755102040816
51142,3,5,345,44.005102040816325
33543,7,2,345,44.005102040816325
11261,6,2,345,44.005102040816325
49115,2,0,345,44.005102040816325
16426,5,3,346,44.13265306122449
17173,2,0,346,44.13265306122449
16532,2,8,346,44.13265306122449
37990,6,2,347,44.26020408163265
33489,2,1,347,44.26020408163265
53781,7,2,347,44.26020408163265
52118,2,0,347,44.26020408163265
20145,2,1,347,44.26020408163265
24799,5,4,347,44.26020408163265
38258,6,2,347,44.26020408163265
14101,6,2,347,44.26020408163265
45518,7,2,347,44.26020408163265
31510,7,2,347,44.26020408163265
34528,7,2,348,44.38775510204081
24897,2,1,348,44.38775510204081
2515,5,4,348,44.38775510204081
65377,9,7,349,44.515306122448976
23808,5,4,349,44.515306122448976
58205,7,2,349,44.515306122448976
10185,5,4,349,44.515306122448976
12861,2,8,349,44.515306122448976
24819,5,4,350,44.642857142857146
49871,9,2,350,44.642857142857146
9160,5,4,351,44.77040816326531
6180,5,1,351,44.77040816326531
62282,5,1,351,44.77040816326531
59088,7,2,351,44.77040816326531
24500,7,2,353,45.025510204081634
32618,9,3,353,45.025510204081634
61276,7,2,353,45.025510204081634
66339,7,2,353,45.025510204081634
11837,3,1,355,45.28061224489796
64633,9,2,355,45.28061224489796
63113,5,9,355,45.28061224489796
2364,9,8,355,45.28061224489796
42687,5,1,356,45.40816326530612
12022,3,5,356,45.40816326530612
15661,5,1,356,45.40816326530612
65111,5,1,356,45.40816326530612
59205,9,2,357,45.535714285714285
24540,7,2,358,45.66326530612245
59638,7,2,358,45.66326530612245
13815,7,2,358,45.66326530612245
25733,7,2,358,45.66326530612245
15740,7,2,358,45.66326530612245
46031,7,2,359,45.79081632653062
62628,7,2,359,45.79081632653062
24994,7,2,359,45.79081632653062
59162,7,2,359,45.79081632653062
54183,6,2,360,45.91836734693878
56809,6,2,360,45.91836734693878
19207,5,1,361,46.045918367346935
748,5,1,361,46.045918367346935
55389,5,1,362,46.1734693877551
56487,9,7,362,46.1734693877551
60612,2,0,363,46.30102040816326
44669,7,2,363,46.30102040816326
32107,5,3,363,46.30102040816326
45591,5,3,363,46.30102040816326
17054,7,2,363,46.30102040816326
912,5,3,363,46.30102040816326
48100,7,2,363,46.30102040816326
58460,5,4,364,46.42857142857143
58537,5,1,364,46.42857142857143
9607,5,1,364,46.42857142857143
2508,2,1,364,46.42857142857143
26363,5,3,364,46.42857142857143
7250,3,7,365,46.55612244897959
51983,2,1,365,46.55612244897959
32522,6,2,365,46.55612244897959
62677,6,2,367,46.81122448979592
7899,7,2,367,46.81122448979592
48391,2,8,368,46.93877551020408
2027,7,9,369,47.066326530612244
45491,5,1,369,47.066326530612244
39820,3,1,369,47.066326530612244
47232,7,2,370,47.19387755102041
42992,6,2,370,47.19387755102041
49472,7,2,370,47.19387755102041
66380,7,2,370,47.19387755102041
30642,3,5,371,47.32142857142857
26765,6,2,371,47.32142857142857
22903,3,2,372,47.44897959183674
63061,7,2,372,47.44897959183674
782,9,2,373,47.5765306122449
59462,7,2,373,47.5765306122449
37001,7,2,374,47.704081632653065
3780,7,2,374,47.704081632653065
43222,7,2,374,47.704081632653065
6405,3,1,374,47.704081632653065
30449,7,2,374,47.704081632653065
6213,3,7,375,47.83163265306122
5206,7,2,375,47.83163265306122
30431,3,7,375,47.83163265306122
41453,3,2,375,47.83163265306122
45382,7,2,375,47.83163265306122
25011,7,2,375,47.83163265306122
18410,7,2,375,47.83163265306122
57391,3,7,376,47.95918367346938
65587,9,2,377,48.08673469387755
25111,5,1,378,48.214285714285715
49809,3,5,378,48.214285714285715
64335,3,2,379,48.34183673469388
8592,9,2,380,48.46938775510204
11840,9,2,380,48.46938775510204
38784,2,8,380,48.46938775510204
28299,3,2,380,48.46938775510204
58828,9,2,381,48.5969387755102
46742,9,2,381,48.5969387755102
38030,9,2,381,48.5969387755102
65790,9,8,381,48.5969387755102
24387,9,2,381,48.5969387755102
67499,9,2,381,48.5969387755102
37020,2,8,384,48.97959183673469
24876,2,8,384,48.97959183673469
6639,2,8,384,48.97959183673469
63098,7,2,385,49.107142857142854
67414,5,1,385,49.107142857142854
7576,2,8,385,49.107142857142854
14448,7,2,386,49.234693877551024
55063,9,2,388,49.48979591836735
60913,9,1,388,49.48979591836735
58187,9,2,388,49.48979591836735
23869,5,1,388,49.48979591836735
4296,7,2,389,49.61734693877551
30895,3,2,389,49.61734693877551
32687,7,2,389,49.61734693877551
53423,7,2,389,49.61734693877551
22413,3,7,389,49.61734693877551
521,7,3,389,49.61734693877551
11106,2,1,390,49.744897959183675
22019,2,8,390,49.744897959183675
30664,7,2,390,49.744897959183675
19743,9,7,392,50.0
66229,6,2,392,50.0
490,3,5,395,50.38265306122449
56270,9,7,396,50.51020408163265
4222,9,2,397,50.63775510204081
3326,5,1,397,50.63775510204081
51165,9,2,398,50.76530612244898
3190,9,2,398,50.76530612244898
29009,9,2,398,50.76530612244898
36418,9,7,398,50.76530612244898
47878,9,2,398,50.76530612244898
45247,9,7,398,50.76530612244898
58842,6,2,399,50.89285714285714
64996,3,5,399,50.89285714285714
36009,2,1,400,51.02040816326531
40764,9,7,400,51.02040816326531
10699,2,1,401,51.14795918367348
1635,5,1,401,51.14795918367348
21356,9,7,401,51.14795918367348
33376,5,6,401,51.14795918367348
46985,9,7,401,51.14795918367348
34790,9,7,401,51.14795918367348
54599,9,7,402,51.275510204081634
37301,9,7,402,51.275510204081634
10449,9,7,402,51.275510204081634
51237,3,2,402,51.275510204081634
3853,2,8,403,51.4030612244898
55205,7,2,403,51.4030612244898
23388,7,2,403,51.4030612244898
5264,7,0,403,51.4030612244898
55261,5,1,405,51.65816326530612
15952,7,2,406,51.78571428571429
27623,7,2,407,51.91326530612245
45829,7,2,407,51.91326530612245
30552,4,2,408,52.04081632653062
5836,9,2,408,52.04081632653062
54267,7,2,408,52.04081632653062
55739,5,1,408,52.04081632653062
29427,3,5,409,52.16836734693877
50137,7,2,409,52.16836734693877
61109,3,5,409,52.16836734693877
16795,7,2,409,52.16836734693877
57363,2,0,410,52.295918367346935
32604,7,2,411,52.423469387755105
14022,7,2,412,52.55102040816326
36003,7,2,412,52.55102040816326
15041,5,1,412,52.55102040816326
61951,6,2,412,52.55102040816326
64787,6,2,412,52.55102040816326
49909,7,2,412,52.55102040816326
6551,6,2,412,52.55102040816326
4520,6,2,412,52.55102040816326
67140,3,2,413,52.67857142857143
45411,7,2,413,52.67857142857143
22977,3,2,413,52.67857142857143
69828,3,2,413,52.67857142857143
57949,7,2,413,52.67857142857143
51004,7,2,413,52.67857142857143
27956,7,2,414,52.806122448979586
45744,7,2,414,52.806122448979586
15570,7,2,414,52.806122448979586
13391,7,2,414,52.806122448979586
19527,7,2,415,52.933673469387756
15107,2,1,416,53.06122448979592
50087,3,2,416,53.06122448979592
51811,3,2,416,53.06122448979592
26123,3,2,417,53.18877551020408
30256,3,5,418,53.316326530612244
27573,3,5,418,53.316326530612244
36555,3,7,419,53.443877551020414
67374,3,2,419,53.443877551020414
61310,3,7,419,53.443877551020414
19620,3,6,419,53.443877551020414
28536,3,2,422,53.826530612244895
24200,7,2,422,53.826530612244895
6015,7,2,422,53.826530612244895
6592,3,2,423,53.954081632653065
50308,3,2,423,53.954081632653065
45093,3,2,423,53.954081632653065
17258,3,7,423,53.954081632653065
47575,2,8,424,54.08163265306123
55527,3,2,424,54.08163265306123
15067,2,1,424,54.08163265306123
5097,3,2,424,54.08163265306123
20992,2,1,424,54.08163265306123
51798,3,1,424,54.08163265306123
38770,2,1,424,54.08163265306123
59461,3,5,425,54.20918367346938
69468,3,2,425,54.20918367346938
33644,2,1,425,54.20918367346938
18108,3,2,425,54.20918367346938
69409,3,2,427,54.46428571428571
22468,3,2,427,54.46428571428571
43773,3,2,427,54.46428571428571
7516,6,2,427,54.46428571428571
47454,6,2,427,54.46428571428571
55011,2,8,428,54.59183673469388
66953,6,2,428,54.59183673469388
22126,3,2,428,54.59183673469388
7927,5,7,428,54.59183673469388
9565,5,2,428,54.59183673469388
16071,3,2,428,54.59183673469388
34411,5,7,428,54.59183673469388
45070,5,7,428,54.59183673469388
28613,3,2,428,54.59183673469388
69160,5,2,428,54.59183673469388
39145,2,8,430,54.8469387755102
56670,7,2,430,54.8469387755102
68494,3,7,431,54.974489795918366
68010,3,2,431,54.974489795918366
56073,3,2,431,54.974489795918366
68308,3,5,431,54.974489795918366
43353,3,2,431,54.974489795918366
37244,3,5,431,54.974489795918366
42087,3,7,432,55.10204081632652
34105,3,2,432,55.10204081632652
65901,6,2,432,55.10204081632652
69719,5,3,433,55.22959183673469
37065,3,2,433,55.22959183673469
1274,9,7,433,55.22959183673469
16356,5,6,434,55.35714285714286
60578,3,2,434,55.35714285714286
37789,3,2,436,55.61224489795919
62850,5,2,436,55.61224489795919
38314,5,2,436,55.61224489795919
33100,6,2,437,55.73979591836735
13940,5,7,440,56.12244897959183
59625,1,3,440,56.12244897959183
9170,5,1,441,56.25
16249,3,2,443,56.505102040816325
4881,3,2,444,56.63265306122449
57781,3,7,444,56.63265306122449
69460,3,2,444,56.63265306122449
63493,3,5,445,56.76020408163265
33896,3,5,447,57.01530612244898
62083,3,5,448,57.14285714285714
58564,3,5,449,57.27040816326531
59769,3,5,449,57.27040816326531
69503,5,4,451,57.525510204081634
12772,7,2,451,57.525510204081634
9059,3,2,452,57.6530612244898
69194,5,1,453,57.78061224489795
26793,5,3,455,58.03571428571429
67036,5,3,456,58.16326530612245
55818,5,3,456,58.16326530612245
10145,1,3,457,58.29081632653062
61931,5,2,457,58.29081632653062
46782,1,3,457,58.29081632653062
16211,1,3,457,58.29081632653062
50951,1,3,457,58.29081632653062
21548,5,7,457,58.29081632653062
35350,5,7,457,58.29081632653062
37741,1,3,457,58.29081632653062
25973,5,7,457,58.29081632653062
57381,1,3,457,58.29081632653062
15443,3,2,461,58.80102040816326
51035,1,3,463,59.056122448979586
36305,6,2,463,59.056122448979586
12221,1,8,463,59.056122448979586
59114,1,8,464,59.183673469387756
21241,6,5,464,59.183673469387756
22846,5,4,464,59.183673469387756
191,5,4,464,59.183673469387756
34727,5,1,464,59.183673469387756
16260,3,2,466,59.43877551020408
20243,3,2,466,59.43877551020408
9412,3,2,467,59.566326530612244
27625,3,2,467,59.566326530612244
38739,5,1,467,59.566326530612244
65570,5,1,467,59.566326530612244
51915,3,2,467,59.566326530612244
59271,3,2,470,59.94897959183674
60526,3,5,471,60.076530612244895
54723,5,7,473,60.33163265306123
6217,5,1,475,60.58673469387755
59535,3,2,478,60.96938775510205
38548,6,5,479,61.0969387755102
50033,3,5,484,61.73469387755102
19247,3,7,484,61.73469387755102
44373,3,2,484,61.73469387755102
7298,6,2,485,61.86224489795919
47468,5,1,485,61.86224489795919
19337,3,2,486,61.98979591836735
40244,6,2,487,62.11734693877551
39508,6,2,487,62.11734693877551
10816,6,5,488,62.244897959183675
39366,3,5,490,62.5
12370,2,0,490,62.5
32703,3,5,491,62.62755102040817
62540,5,2,492,62.755102040816325
32581,3,2,496,63.26530612244898
17330,3,2,497,63.39285714285714
43475,3,2,499,63.64795918367348
62588,7,3,499,63.64795918367348
4883,3,5,499,63.64795918367348
3159,3,2,499,63.64795918367348
34931,3,2,499,63.64795918367348
32931,3,2,499,63.64795918367348
12877,3,2,500,63.775510204081634
61789,3,5,502,64.03061224489795
341,3,2,502,64.03061224489795
10369,3,2,502,64.03061224489795
57399,3,2,502,64.03061224489795
49966,3,2,503,64.15816326530613
13114,3,2,503,64.15816326530613
18895,3,2,503,64.15816326530613
29748,5,1,505,64.41326530612244
40688,5,1,505,64.41326530612244
65528,5,7,507,64.66836734693877
4628,3,2,507,64.66836734693877
6662,3,7,507,64.66836734693877
42477,3,7,507,64.66836734693877
46808,5,2,507,64.66836734693877
29348,5,2,508,64.79591836734694
68162,3,2,508,64.79591836734694
12416,3,2,508,64.79591836734694
64415,2,0,508,64.79591836734694
33760,3,5,511,65.17857142857143
38451,3,7,511,65.17857142857143
35388,5,1,511,65.17857142857143
17631,5,1,512,65.3061224489796
24748,3,7,512,65.3061224489796
46566,3,7,513,65.43367346938776
54859,3,7,513,65.43367346938776
29795,6,2,514,65.56122448979592
13170,6,5,515,65.68877551020408
68186,3,2,516,65.81632653061224
12246,3,2,517,65.9438775510204
54127,3,7,517,65.9438775510204
32847,3,7,518,66.07142857142857
69742,3,2,519,66.19897959183673
63763,5,7,521,66.45408163265306
14454,3,2,523,66.70918367346938
63591,5,1,526,67.09183673469387
20426,3,2,527,67.21938775510205
19129,2,0,529,67.47448979591837
3997,3,7,529,67.47448979591837
17626,6,2,532,67.85714285714286
13836,3,7,534,68.11224489795919
13931,3,1,536,68.36734693877551
68842,3,1,537,68.49489795918367
65585,3,7,538,68.62244897959184
26909,3,1,539,68.75
8013,3,2,539,68.75
49520,5,7,542,69.13265306122449
29641,3,1,543,69.26020408163265
67470,3,1,549,70.02551020408163
59904,3,1,549,70.02551020408163
49524,6,2,550,70.1530612244898
52688,6,2,550,70.1530612244898
49258,6,2,553,70.53571428571429
47533,3,2,553,70.53571428571429
1318,6,2,553,70.53571428571429
37470,3,7,554,70.66326530612244
30747,3,7,555,70.79081632653062
25090,6,2,556,70.91836734693877
8056,5,1,562,71.68367346938776
41548,5,2,562,71.68367346938776
3754,3,7,563,71.81122448979592
43762,3,6,564,71.93877551020408
25815,6,5,571,72.83163265306123
4948,5,1,574,73.21428571428571
58142,5,1,574,73.21428571428571
62632,3,6,578,73.72448979591837
38830,5,6,582,74.23469387755102
42964,5,1,582,74.23469387755102
4109,1,5,584,74.48979591836735
33025,1,5,584,74.48979591836735
10519,1,5,597,76.14795918367348
15649,1,5,598,76.27551020408163
66789,1,7,598,76.27551020408163
39697,6,2,627,79.97448979591837
39158,5,2,627,79.97448979591837
69075,5,2,629,80.2295918367347
54562,5,3,631,80.48469387755102
27539,5,7,648,82.6530612244898
31921,5,3,669,85.33163265306123
53638,5,1,677,86.35204081632652
15594,5,1,679,86.60714285714286
7244,5,1,679,86.60714285714286
